"","pred_years","med_count","lwr_count","upr_count","sd_count","mean_count","med_sst_anom","lwr_sst_anom","upr_sst_anom","mean_sst_anom","sd_sst_anom","med_abun_eco","lwr_abun_eco","upr_abun_eco"
"43",2020,14633.9322077252,11323.8792731849,19166.3000861335,2077.65338467703,14833.3418503427,0.67641797251601,0.426367125842409,0.927749188815288,0.67645591005458,0.12667183582589,17.9942895334,16.7072809774713,19.386704526625
"44",2021,13591.1139829738,10515.2398244317,17813.0404137619,1931.2596617888,13775.0212725163,0.668425797654511,0.418374950981994,0.919757013927562,0.668463735194196,0.12667183582589,18.4246396184602,17.1343106605243,19.7817913471885
"45",2022,12600.203880471,9752.87124998049,16519.7942576276,1792.54494835445,12771.6034281012,0.65494617373674,0.40489532706611,0.906277389964525,0.654984111278368,0.12667183582589,19.1660790397082,17.9169168087076,20.5356333795996
"46",2023,11666.0525603727,9022.49314201016,15290.8674637223,1661.55512875657,11823.4199802645,NA,NA,NA,NA,NA,NA,NA,NA
