"","pred_years","med_count","lwr_count","upr_count","sd_count","mean_count","med_sst_anom","lwr_sst_anom","upr_sst_anom","mean_sst_anom","sd_sst_anom","med_abun_eco","lwr_abun_eco","upr_abun_eco"
"43",2020,14609.4085735053,11339.6626250183,19123.0415942411,2045.4279357416,14824.0094933058,0.934456405276217,0.7234650928086,1.14303731789716,0.934710056638826,0.107388382019521,16695.5277159125,15488.879799764,17911.2696831423
"44",2021,13565.26123854,10533.5141766008,17776.6399037834,1901.18369539317,13766.4409037823,0.926464229585948,0.715472917117933,1.13504514220681,0.9267178809486,0.107388382019521,17108.3542785189,15907.8574863097,18317.988676773
"45",2022,12576.2906914567,9764.5206496958,16487.1744060966,1764.53569944087,12763.7736601349,0.912984593888773,0.701993281420065,1.1215655065095,0.913238245251498,0.107388382019521,17813.4610638868,16626.8577409905,19006.6383093606
"46",2023,11643.0893545828,9038.10405088681,15263.416397925,1635.52653562912,11816.3358647626,0.86183821973336,0.650846907261755,1.07041913235354,0.862091871096381,0.107388382019521,20633.5094408486,19449.927992749,21794.0240487523
